# system, mu_reference
beam,3.7300832206071334e+02
bio,6.2602192929018341e-01
mathieu,3.5141726095354886e-01
turning_ssv,4.4761683830912320e+00
