p,s,order,N,rel_error,t_min
1,1,2,2,1.8243225872652786,5.7e-5
1,2,4,3,1.6957478941242277,8.6e-5
1,3,6,4,1.794417070593913,0.0001995
1,4,8,5,1.7096913617405909,0.0003001
1,5,10,6,1.1977248320206644,0.0004349
