s,order,rel_error,t_mean,t_std,n_reps
4,8,1.7096913617405909,0.0001813,8.938839809665296e-6,8
6,12,0.578716037236815,0.00038478749999999994,4.5244839879419236e-5,8
8,16,0.00660993601781848,0.000682175,1.9572849270645998e-5,8
10,20,3.400742198650895e-5,0.0010046500000000002,3.653229491051131e-5,8
14,28,6.499463795168681e-8,0.0022542125,0.00010351280717862889,8
18,36,1.3390578132403502e-12,0.0027825750000000007,0.0002568096613113633,8
24,48,5.370763908242527e-15,0.0060433,0.0002789813152985595,8
30,60,3.9490911090018585e-15,0.010820374999999998,0.0005944905135612223,8
