s,order,p,rel_error,t_mean,t_std,n_reps,n_L,nnz_L,nnz_R,density_L,bandwidth_L
1,2,100,0.005636321384188405,0.0018811000000000001,0.00023826268816461494,8,400,2256,144,0.0141,51
1,2,158,0.9087510104036518,0.002808225,0.0004270195102601954,8,632,3576,216,0.008952892164717193,75
1,2,251,0.9108994626825664,0.004088775,0.00029536390508755697,8,1004,5688,336,0.005642767575117855,119
1,2,398,0.5428303817834185,0.0062306125000000006,0.00016256022565278922,8,1592,9036,516,0.0035652508775030935,183
1,2,631,0.23953617143206907,0.011525912499999999,0.001984536766702209,8,2524,14328,816,0.0022490901921584485,283
1,2,1000,0.09745501955498356,0.02120355,0.010589900788689465,8,4000,22716,1284,0.00141975,447
1,2,1585,0.03878002691037671,0.027754562499999996,0.006611381817082569,8,6340,36004,2028,0.0008957199295445273,703
1,2,2512,0.015444433426860455,0.0454236875,0.007998762382918552,8,10048,57072,3216,0.0005652802852042679,1111
1,2,3981,0.006098667507030105,0.0689089375,0.006594267782364901,8,15924,90456,5088,0.00035672458495865914,1759
